model,accuracy,precision,recall,f1,roc_auc
Logistic Regression,0.898,0.7811850311850311,0.7515,0.7660550458715596,0.9527137857142858
Random Forest,0.9211111111111111,0.8685714285714285,0.76,0.8106666666666666,0.9690243928571429
Neural Network,0.9153333333333333,0.8505096262740657,0.751,0.7976633032395114,0.965588642857143
XGBoost,0.9256666666666666,0.8686980609418282,0.784,0.8241787122207621,0.9734020714285714
